src/js/app/components/CookieBar/index.js;Button;blendle-web-client
src/js/app/components/dialogues/LoginWarningDialogue.js;Dialog;blendle-web-client
src/js/app/components/dialogues/LoginWarningDialogue.js;DialogBody;blendle-web-client
src/js/app/components/dialogues/PayPerArticleWarningDialog/index.js;Dialog;blendle-web-client
src/js/app/components/dialogues/PayPerArticleWarningDialog/index.js;DialogBody;blendle-web-client
src/js/app/components/dialogues/PayPerArticleWarningDialog/index.js;Button;blendle-web-client
src/js/app/components/dialogues/PayPerArticleWarningDialog/index.js;Backdrop;blendle-web-client
src/js/app/components/dialogues/PremiumDialogBody/index.js;Backdrop;blendle-web-client
src/js/app/components/dialogues/PremiumDialogBody/index.js;DialogBody;blendle-web-client
src/js/app/components/dialogues/ShareToEmail.js;Form;blendle-web-client
src/js/app/components/EntityChip/index.js;Chip;blendle-web-client
src/js/app/components/login/LoginForm.js;Form;blendle-web-client
src/js/app/components/ManifestDropdown/index.js;Dropdown;blendle-web-client
src/js/app/components/ManifestDropdown/ItemDetails/index.js;Columns;blendle-web-client
src/js/app/components/ManifestDropdown/ItemFeedbackOption/index.js;DropdownOption;blendle-web-client
src/js/app/components/ManifestDropdown/ItemFeedbackOption/index.js;Columns;blendle-web-client
src/js/app/components/ManifestDropdown/ManifestDropdownContent/index.js;DropdownOption;blendle-web-client
src/js/app/components/ManifestDropdown/TriggerButton/index.js;ArrowDownIcon;blendle-web-client
src/js/app/components/navigation/DefaultNavigationBar/index.js;BookmarkIcon;blendle-web-client
src/js/app/components/navigation/DefaultNavigationBar/index.js;BrowseIcon;blendle-web-client
src/js/app/components/navigation/DefaultNavigationBar/index.js;SearchIcon;blendle-web-client
src/js/app/components/navigation/DefaultNavigationBar/index.js;NavigationBar;blendle-web-client
src/js/app/components/navigation/DefaultNavigationBar/index.js;NavigationLeft;blendle-web-client
src/js/app/components/navigation/DefaultNavigationBar/index.js;NavigationRight;blendle-web-client
src/js/app/components/navigation/DefaultNavigationBar/index.js;NavigationItem;blendle-web-client
src/js/app/components/navigation/DefaultNavigationUserDropdown/index.js;NavigationUserDropdown;blendle-web-client
src/js/app/components/navigation/DefaultNavigationUserDropdown/index.js;DropdownOptionGroup;blendle-web-client
src/js/app/components/navigation/DefaultNavigationUserDropdown/index.js;DropdownOption;blendle-web-client
src/js/app/components/navigation/DefaultNavigationUserDropdown/index.js;Label;blendle-web-client
src/js/app/components/navigation/DiscoverIssueBadge.js;NavigationItemBadge;blendle-web-client
src/js/app/components/navigation/LogoLink/index.js;BlendleLogo;blendle-web-client
src/js/app/components/navigation/MicropaymentSignupNavigationBar/index.js;NavigationBar;blendle-web-client
src/js/app/components/navigation/MicropaymentSignupNavigationBar/index.js;NavigationLeft;blendle-web-client
src/js/app/components/navigation/MicropaymentSignupNavigationBar/index.js;NavigationRight;blendle-web-client
src/js/app/components/navigation/PinsCountNavigationItemBadge/index.js;NavigationItemBadge;blendle-web-client
src/js/app/components/navigation/SearchBar/index.js;SearchIcon;blendle-web-client
src/js/app/components/navigation/SearchBar/index.js;CloseIcon;blendle-web-client
src/js/app/components/notifications/AutoRefundNotification/index.js;Button;blendle-web-client
src/js/app/components/notifications/AutoRefundNotification/index.js;Notification;blendle-web-client
src/js/app/components/notifications/AutoRefundNotification/index.js;NotificationTitle;blendle-web-client
src/js/app/components/notifications/AutoRefundNotification/index.js;NotificationBody;blendle-web-client
src/js/app/components/notifications/AutoRefundNotification/index.js;NotificationFooter;blendle-web-client
src/js/app/components/notifications/EnableNewsletterNotification/index.js;Notification;blendle-web-client
src/js/app/components/notifications/EnableNewsletterNotification/index.js;NotificationIcon;blendle-web-client
src/js/app/components/notifications/EnableNewsletterNotification/index.js;NotificationTitle;blendle-web-client
src/js/app/components/notifications/EnableNewsletterNotification/index.js;NotificationBody;blendle-web-client
src/js/app/components/notifications/EnableNewsletterNotification/index.js;Columns;blendle-web-client
src/js/app/components/notifications/EnableNewsletterNotification/index.js;Rows;blendle-web-client
src/js/app/components/notifications/FreeSocialReadNotification.js;Notification;blendle-web-client
src/js/app/components/notifications/FreeSocialReadNotification.js;NotificationTitle;blendle-web-client
src/js/app/components/notifications/FreeSocialReadNotification.js;NotificationBody;blendle-web-client
src/js/app/components/notifications/ItemNotInBundleNotification/index.js;Notification;blendle-web-client
src/js/app/components/notifications/ItemNotInBundleNotification/index.js;NotificationTitle;blendle-web-client
src/js/app/components/notifications/ItemNotInBundleNotification/index.js;NotificationBody;blendle-web-client
src/js/app/components/notifications/PlainNotification.js;Notification;blendle-web-client
src/js/app/components/notifications/PlainNotification.js;NotificationTitle;blendle-web-client
src/js/app/components/notifications/PlainNotification.js;NotificationBody;blendle-web-client
src/js/app/components/notifications/RefundSuccessNotification.js;Button;blendle-web-client
src/js/app/components/notifications/RefundSuccessNotification.js;Notification;blendle-web-client
src/js/app/components/notifications/RefundSuccessNotification.js;NotificationTitle;blendle-web-client
src/js/app/components/notifications/RefundSuccessNotification.js;NotificationBody;blendle-web-client
src/js/app/components/notifications/RefundSuccessNotification.js;NotificationFooter;blendle-web-client
src/js/app/components/notifications/UserPrefsUpdatedNotification/index.js;Notification;blendle-web-client
src/js/app/components/notifications/UserPrefsUpdatedNotification/index.js;NotificationTitle;blendle-web-client
src/js/app/components/notifications/UserPrefsUpdatedNotification/index.js;NotificationBody;blendle-web-client
src/js/app/components/notifications/UserPrefsUpdatedNotification/index.js;NotificationIcon;blendle-web-client
src/js/app/components/notifications/UserPrefsUpdatedNotification/index.js;Rows;blendle-web-client
src/js/app/components/notifications/UserPrefsUpdatedNotification/index.js;Columns;blendle-web-client
src/js/app/components/PremiumSuccessOverlay/DeviceSection/index.js;Backdrop;blendle-web-client
src/js/app/components/PremiumSuccessOverlay/index.js;Overlay;blendle-web-client
src/js/app/components/PremiumSuccessOverlay/index.js;Dialog;blendle-web-client
src/js/app/components/SidebarMenu/index.js;Portal;blendle-web-client
src/js/app/components/tiles/AcquiredBackdrop/index.js;Backdrop;blendle-web-client
src/js/app/components/tiles/NormalTile/CardHeader/index.js;Columns;blendle-web-client
src/js/app/components/tiles/NormalTile/CardSocial/index.js;Columns;blendle-web-client
src/js/app/components/tiles/NormalTile/CardSocial/index.js;HeartIcon;blendle-web-client
src/js/app/components/tiles/NormalTile/PhotoCard/index.js;FadeOut;blendle-web-client
src/js/app/components/tiles/NormalTile/TextCard/index.js;FadeOut;blendle-web-client
src/js/app/components/WalletConversion/CTA/index.js;Button;blendle-web-client
src/js/app/components/WalletConversion/LandingPage/Features/Covers/index.js;DeviceFrame;blendle-web-client
src/js/app/components/WalletConversion/LandingPage/Navigation/index.js;NavigationBar;blendle-web-client
src/js/app/components/WalletConversion/LandingPage/Navigation/index.js;NavigationLeft;blendle-web-client
src/js/app/components/WalletConversion/LandingPage/Navigation/index.js;NavigationRight;blendle-web-client
src/js/app/components/WalletConversion/LandingPage/SendDownloadLink/index.js;Button;blendle-web-client
src/js/app/components/WalletConversion/NavigationBarLink/index.js;NavigationItem;blendle-web-client
src/js/app/components/WalletConversion/NavigationBarLinkAfterMigration/index.js;NavigationItem;blendle-web-client
src/js/app/components/WalletConversion/UpsellCopy/index.js;Label;blendle-web-client
src/js/app/containers/NotificationsHubContainer/index.js;AnimatedList;blendle-web-client
src/js/app/containers/RootContainer.js;ThemeProvider;blendle-web-client
src/js/app/helpers/branding.js;Backdrop;blendle-web-client
src/js/app/libs/byebye/reactview.js;ThemeProvider;blendle-web-client
src/js/app/modules/discoverPremium/components/IntroPlusMonthlyMigrationOffer/index.js;Button;blendle-web-client
src/js/app/modules/emailLogin/EmailLoginPage.js;Button;blendle-web-client
src/js/app/modules/goodbye/components/GoodbyeOverlay/index.js;Overlay;blendle-web-client
src/js/app/modules/goodbye/components/GoodbyeOverlay/index.js;OverlayTitle;blendle-web-client
src/js/app/modules/goodbye/components/GoodbyeOverlay/index.js;OverlayBody;blendle-web-client
src/js/app/modules/item/components/AudioBanner/index.js;Columns;blendle-web-client
src/js/app/modules/item/components/BuyItemWarningDialog/index.js;Dialog;blendle-web-client
src/js/app/modules/item/components/BuyItemWarningDialog/index.js;DialogBody;blendle-web-client
src/js/app/modules/item/components/BuyItemWarningDialog/index.js;Label;blendle-web-client
src/js/app/modules/item/components/BuyItemWarningDialog/index.js;Button;blendle-web-client
src/js/app/modules/item/components/BuyItemWarningDialog/index.js;ButtonGroup;blendle-web-client
src/js/app/modules/item/components/CloseButton/index.js;CloseIcon;blendle-web-client
src/js/app/modules/item/components/ConfirmAccount/index.js;Button;blendle-web-client
src/js/app/modules/item/components/Entities/index.js;ChipRow;blendle-web-client
src/js/app/modules/item/components/ItemNotAcquirable.js;Button;blendle-web-client
src/js/app/modules/item/components/ItemNotAcquirable.js;Dialog;blendle-web-client
src/js/app/modules/item/components/ItemNotAcquirable.js;DialogBody;blendle-web-client
src/js/app/modules/item/components/ItemNotAcquirable.js;DialogTitle;blendle-web-client
src/js/app/modules/item/components/ItemNotFound/index.js;Button;blendle-web-client
src/js/app/modules/item/components/ItemNotFound/index.js;Dialog;blendle-web-client
src/js/app/modules/item/components/ItemNotFound/index.js;DialogBody;blendle-web-client
src/js/app/modules/item/components/ItemToSpeech/Controls/index.js;Slider;blendle-web-client
src/js/app/modules/item/components/LoadFailedRetry.js;Button;blendle-web-client
src/js/app/modules/item/components/LoadFailedRetry.js;Dialog;blendle-web-client
src/js/app/modules/item/components/LoadFailedRetry.js;DialogBody;blendle-web-client
src/js/app/modules/item/components/RefundReasons/index.js;Button;blendle-web-client
src/js/app/modules/item/components/RefundReasons/index.js;TextArea;blendle-web-client
src/js/app/modules/item/components/RestoreReadingProgressNotification/index.js;Notification;blendle-web-client
src/js/app/modules/item/components/RestoreReadingProgressNotification/index.js;NotificationBody;blendle-web-client
src/js/app/modules/item/components/RestoreReadingProgressNotification/index.js;NotificationTitle;blendle-web-client
src/js/app/modules/item/components/RestoreReadingProgressNotification/index.js;NotificationFooter;blendle-web-client
src/js/app/modules/item/components/RestoreReadingProgressNotification/index.js;Button;blendle-web-client
src/js/app/modules/item/components/RestoreReadingProgressNotification/index.js;ButtonGroup;blendle-web-client
src/js/app/modules/item/components/ShareForFree/index.js;Button;blendle-web-client
src/js/app/modules/item/components/SignUpRewardDialog/index.js;Dialog;blendle-web-client
src/js/app/modules/item/components/SignUpRewardDialog/index.js;StepsPanel;blendle-web-client
src/js/app/modules/item/components/SignUpRewardDialog/index.js;StepsIndicator;blendle-web-client
src/js/app/modules/item/components/SignUpRewardDialog/MoneyBackContent/index.js;DialogBody;blendle-web-client
src/js/app/modules/item/components/SignUpRewardDialog/MoneyBackContent/index.js;Button;blendle-web-client
src/js/app/modules/item/components/SignUpRewardDialog/MoneyBackContent/index.js;Backdrop;blendle-web-client
src/js/app/modules/item/components/SignUpRewardDialog/PresentContent/index.js;DialogBody;blendle-web-client
src/js/app/modules/item/components/SignUpRewardDialog/PresentContent/index.js;Button;blendle-web-client
src/js/app/modules/item/components/SignUpRewardDialog/PresentContent/index.js;Backdrop;blendle-web-client
src/js/app/modules/item/components/TopBar/OptionsDropdown/index.js;Dropdown;blendle-web-client
src/js/app/modules/item/components/TopBar/OptionsDropdown/index.js;ArrowDownIcon;blendle-web-client
src/js/app/modules/item/containers/RefundContainer.js;Dialog;blendle-web-client
src/js/app/modules/item/containers/RefundContainer.js;DialogBody;blendle-web-client
src/js/app/modules/payment/components/OutOfBalanceDialog/index.js;Dialog;blendle-web-client
src/js/app/modules/payment/components/OutOfBalanceDialog/index.js;Backdrop;blendle-web-client
src/js/app/modules/payment/components/OutOfBalanceDialog/index.js;ButtonGroup;blendle-web-client
src/js/app/modules/preferences/components/EntityPreferences/index.js;ChipRow;blendle-web-client
src/js/app/modules/preferences/components/PreferencesFooter/index.js;DialogFooter;blendle-web-client
src/js/app/modules/preferences/containers/ReadingPrefsContainer.js;Dialog;blendle-web-client
src/js/app/modules/preferences/containers/ReadingPrefsContainer.js;DialogBody;blendle-web-client
src/js/app/modules/premiumSignup/components/ActivatePremium/index.js;DialogBody;blendle-web-client
src/js/app/modules/premiumSignup/components/Authentication/index.js;StepsPanel;blendle-web-client
src/js/app/modules/premiumSignup/components/ChangeEmail/index.js;EmailInput;blendle-web-client
src/js/app/modules/premiumSignup/components/ChangeEmail/index.js;Button;blendle-web-client
src/js/app/modules/premiumSignup/components/ChannelsFooter/index.js;DialogFooter;blendle-web-client
src/js/app/modules/premiumSignup/components/ConfirmEmailFooter/index.js;DialogFooter;blendle-web-client
src/js/app/modules/premiumSignup/components/Login/index.js;EmailInput;blendle-web-client
src/js/app/modules/premiumSignup/components/Login/index.js;PasswordInput;blendle-web-client
src/js/app/modules/premiumSignup/components/Login/index.js;Button;blendle-web-client
src/js/app/modules/premiumSignup/components/Login/index.js;Form;blendle-web-client
src/js/app/modules/premiumSignup/components/LoginFooter/index.js;DialogFooterTransparent;blendle-web-client
src/js/app/modules/premiumSignup/components/PremiumNavigation/index.js;Button;blendle-web-client
src/js/app/modules/premiumSignup/components/PremiumNavigation/index.js;NavigationBar;blendle-web-client
src/js/app/modules/premiumSignup/components/PremiumNavigation/index.js;NavigationLeft;blendle-web-client
src/js/app/modules/premiumSignup/components/PremiumNavigation/index.js;NavigationRight;blendle-web-client
src/js/app/modules/premiumSignup/components/Publications/index.js;JustifiedImageList;blendle-web-client
src/js/app/modules/premiumSignup/components/PublicationsFooter/index.js;DialogFooter;blendle-web-client
src/js/app/modules/premiumSignup/components/SelectableIssue/index.js;ToolTip;blendle-web-client
src/js/app/modules/premiumSignup/components/SignupDialog/index.js;DialogBody;blendle-web-client
src/js/app/modules/premiumSignup/components/SignupDialog/index.js;Dialog;blendle-web-client
src/js/app/modules/premiumSignup/components/SignupFooter/index.js;DialogFooterTransparent;blendle-web-client
src/js/app/modules/premiumSignup/components/SignUpForm/index.js;TextInput;blendle-web-client
src/js/app/modules/premiumSignup/components/SignUpForm/index.js;EmailInput;blendle-web-client
src/js/app/modules/premiumSignup/components/SignUpForm/index.js;PasswordInput;blendle-web-client
src/js/app/modules/premiumSignup/components/SignUpForm/index.js;Button;blendle-web-client
src/js/app/modules/premiumSignup/components/SignUpForm/index.js;Form;blendle-web-client
src/js/app/modules/premiumSignup/components/VodafoneConnect/index.js;Backdrop;blendle-web-client
src/js/app/modules/premiumSignup/components/VodafoneConnect/index.js;Button;blendle-web-client
src/js/app/modules/recapture/components/CallToActionButton/index.js;Button;blendle-web-client
src/js/app/modules/recapture/components/ContinueReading/Benefits/index.js;CircularCheckIcon;blendle-web-client
src/js/app/modules/recapture/components/ContinueReading/WhyPremium/index.js;CompassIcon;blendle-web-client
src/js/app/modules/recapture/components/ContinueReading/WhyPremium/index.js;EnvelopeIcon;blendle-web-client
src/js/app/modules/recapture/components/ContinueReading/WhyPremium/index.js;FunnelIcon;blendle-web-client
src/js/app/modules/recapture/components/ContinueReading/WhyPremium/index.js;HeadphonesIcon;blendle-web-client
src/js/app/modules/recapture/components/ContinueReading/WhyPremium/index.js;StarIcon;blendle-web-client
src/js/app/modules/recapture/components/ContinueReading/WhyPremium/index.js;StopIcon;blendle-web-client
src/js/app/modules/recapture/components/ContinueReading/WhyPremium/index.js;UserIcon;blendle-web-client
src/js/app/modules/recapture/components/DirectSalesRedirect/index.js;Button;blendle-web-client
src/js/app/modules/sectionsPage/components/GridSection/index.js;Grid;blendle-web-client
src/js/app/modules/sectionsPage/components/GridSection/index.js;GridItem;blendle-web-client
src/js/app/modules/sectionsPage/components/InstallAppBanner/index.js;Rows;blendle-web-client
src/js/app/modules/sectionsPage/components/InstallAppBanner/index.js;Columns;blendle-web-client
src/js/app/modules/sectionsPage/components/PageSection/index.js;Columns;blendle-web-client
src/js/app/modules/sectionsPage/components/PersonalPageFooter/index.js;Button;blendle-web-client
src/js/app/modules/sectionsPage/components/SectionContextMenu/index.js;Dropdown;blendle-web-client
src/js/app/modules/sectionsPage/components/SectionContextMenu/index.js;DropdownOption;blendle-web-client
src/js/app/modules/sectionsPage/components/SectionContextMenu/index.js;DotsIcon;blendle-web-client
src/js/app/modules/sectionsPage/components/SectionFollowButton/index.js;Button;blendle-web-client
src/js/app/modules/sectionsPage/components/SectionTile/Body/index.js;Rows;blendle-web-client
src/js/app/modules/sectionsPage/components/SectionTile/ColorBackground/index.js;Backdrop;blendle-web-client
src/js/app/modules/sectionsPage/components/SectionTile/ImageBackground/index.js;Parallax;blendle-web-client
src/js/app/modules/sectionsPage/components/SectionTile/TileContent/index.js;Parallax;blendle-web-client
src/js/app/modules/sectionsPage/components/SectionTile/TileHead/index.js;BookmarkIcon;blendle-web-client
src/js/app/modules/sectionsPage/components/SectionTile/TileHead/index.js;SocialCount;blendle-web-client
src/js/app/modules/sectionsPage/components/SectionTile/TileHead/index.js;Rows;blendle-web-client
src/js/app/modules/sectionsPage/components/SectionTile/TileHead/index.js;Columns;blendle-web-client
src/js/app/modules/sectionsPage/containers/ProviderCardContainer.js;ProviderCard;blendle-web-client
src/js/app/modules/settings/components/Capabilities/index.js;Select;blendle-web-client
src/js/app/modules/settings/components/Capabilities/index.js;SelectOption;blendle-web-client
src/js/app/modules/settings/components/Capabilities/index.js;Columns;blendle-web-client
src/js/app/modules/settings/components/Capabilities/index.js;Rows;blendle-web-client
src/js/app/modules/settings/components/Capabilities/index.js;Button;blendle-web-client
src/js/app/modules/settings/components/Capabilities/index.js;ButtonGroup;blendle-web-client
src/js/app/modules/settings/components/DeleteAccount/index.js;Button;blendle-web-client
src/js/app/modules/settings/components/DeleteAccountDialog/index.js;Dialog;blendle-web-client
src/js/app/modules/settings/components/DeleteAccountDialog/index.js;DialogBody;blendle-web-client
src/js/app/modules/settings/components/DeleteAccountDialog/index.js;ButtonGroup;blendle-web-client
src/js/app/modules/settings/components/DeleteAccountDialog/index.js;Button;blendle-web-client
src/js/app/modules/settings/components/DeleteAccountDialog/index.js;Form;blendle-web-client
src/js/app/modules/settings/components/DeleteAccountDialog/index.js;TextInput;blendle-web-client
src/js/app/modules/settings/components/DeleteAccountDialog/index.js;PasswordInput;blendle-web-client
src/js/app/modules/settings/components/DeleteAccountDialog/index.js;RadioGroup;blendle-web-client
src/js/app/modules/settings/components/DeleteAccountDialog/index.js;Radio;blendle-web-client
src/js/app/modules/settings/components/DeleteAccountDialog/index.js;StepsPanel;blendle-web-client
src/js/app/modules/settings/components/DeleteAccountSupportDialog/index.js;Dialog;blendle-web-client
src/js/app/modules/settings/components/DeleteAccountSupportDialog/index.js;DialogTitle;blendle-web-client
src/js/app/modules/settings/components/DeleteAccountSupportDialog/index.js;DialogBody;blendle-web-client
src/js/app/modules/settings/components/DeleteAccountSupportDialog/index.js;Button;blendle-web-client
src/js/app/modules/settings/components/DeleteAccountSupportDialog/index.js;ButtonGroup;blendle-web-client
src/js/app/modules/settings/components/SubscriptionCancelDialog/index.js;Dialog;blendle-web-client
src/js/app/modules/settings/components/SubscriptionCancelDialog/index.js;DialogBody;blendle-web-client
src/js/app/modules/settings/components/SubscriptionCancelDialog/index.js;Button;blendle-web-client
src/js/app/modules/settings/views/connections.js;ThemeProvider;blendle-web-client
src/js/app/modules/settings/views/settings.js;ThemeProvider;blendle-web-client
src/js/app/modules/settings/views/wallet.js;Checkbox;blendle-web-client
src/js/app/modules/settings/views/wallet.js;ThemeProvider;blendle-web-client
src/js/app/modules/shareReader/components/SignupCta/index.js;Button;blendle-web-client
src/js/app/modules/signup/signupModule.js;ThemeProvider;blendle-web-client
src/js/app/modules/signup/views/verify/VerifyFinalize.js;ThemeProvider;blendle-web-client
src/js/app/modules/timeline/components/TimelineNavigation.js;ThemeProvider;blendle-web-client
src/js/app/modules/try-audio/components/SendDownloadLink/index.js;Button;blendle-web-client
src/js/app/modules/try-audio/components/TryAudioPage/index.js;DeviceFrame;blendle-web-client
src/scenes/Onboarding/OnboardingSubscriptionScene/index.tsx;Progress;web-payment
src/scenes/SwitchToPremium/SwitchToPremiumSubscriptionScene/styles.ts;Progress;web-payment
src/scenes/Upsell/UpsellSubscriptionScene/index.tsx;Progress;web-payment
src/shared/components/Notifications/index.tsx;Notification;web-payment
src/shared/components/Notifications/index.tsx;NotificationIcon;web-payment
src/shared/components/Notifications/index.tsx;NotificationBody;web-payment
src/shared/components/Notifications/index.tsx;Columns;web-payment
src/shared/components/Notifications/styles.ts;NotificationTitle;web-payment
src/shared/components/Notifications/styles.ts;Rows;web-payment
src/shared/components/ReturnTarget/component.tsx;Progress;web-payment
src/shared/components/ReturnTarget/styles.ts;Button;web-payment
src/shared/components/ReturnTarget/styles.ts;Progress;web-payment
src/shared/scenes/AccountOwnerScene/styles.ts;TextInput;web-payment
src/shared/scenes/ChangePaymentDetailsScene/SelectPaymentMethod/styles.ts;RadioGroup;web-payment
src/shared/scenes/ChangePaymentDetailsScene/SelectPaymentMethod/styles.ts;Radio;web-payment
src/shared/scenes/ChangePaymentDetailsScene/SubmitScene/styles.ts;Button;web-payment
src/shared/scenes/ChangeSubscriptionPlanScene/SubmitScene/styles.ts;Button;web-payment
src/shared/scenes/FormSubmitScene/component.tsx;Button;web-payment
src/shared/scenes/FormSubmitScene/component.tsx;ButtonGroup;web-payment
src/shared/scenes/FormSubmitScene/component.tsx;ToolTip;web-payment
src/shared/scenes/NotificationScene/component.tsx;AnimatedList;web-payment
src/shared/scenes/PaymentScene/IDealAndCardPayment/PaymentMethodsContainer/component.tsx;RadioGroup;web-payment
src/shared/scenes/PaymentScene/IDealAndCardPayment/PaymentMethodsContainer/shared/CardOptionComponent/component.tsx;Radio;web-payment
src/shared/scenes/PaymentScene/IDealAndCardPayment/PaymentMethodsContainer/shared/IDealOptionComponent/component.tsx;Radio;web-payment
src/shared/scenes/SubscriptionOverviewScene/Cancellation/CancelSubscriptionDialog/component.tsx;RadioGroup;web-payment
src/shared/scenes/SubscriptionOverviewScene/Cancellation/CancelSubscriptionDialog/component.tsx;Radio;web-payment
src/shared/scenes/SubscriptionOverviewScene/Cancellation/CancelSubscriptionDialog/styles.ts;Button;web-payment
src/shared/scenes/SubscriptionOverviewScene/Cancellation/CancelSubscriptionDialog/styles.ts;TextArea;web-payment
src/shared/scenes/SubscriptionOverviewScene/Cancellation/shared.ts;Button;web-payment
src/shared/scenes/SubscriptionOverviewScene/Cancellation/shared.ts;Dialog;web-payment
src/shared/scenes/SubscriptionOverviewScene/Cancellation/shared.ts;DialogBody;web-payment
/.storybook/preview.js;ThemeProvider;web-landings
src/components/AppButtons/OpenAppButton/index.tsx;Button;web-landings
src/components/AudioTrackLanding/AppStoreButtons/index.tsx;ButtonGroup;web-landings
src/components/AudioTrackLanding/Card/index.tsx;Backdrop;web-landings
src/components/AudioTrackLanding/Card/index.tsx;Rows;web-landings
src/components/AudioTrackLanding/ItemInfo/index.tsx;Columns;web-landings
src/components/AudioTrackLanding/PlayTime/index.tsx;Columns;web-landings
src/components/CookieBar/styled.ts;Button;web-landings
src/components/Coupon/Header/styled.ts;Button;web-landings
src/components/CouponDialogs/AlreadyPremiumDialog/index.tsx;Button;web-landings
src/components/CouponDialogs/AlreadyPremiumDialog/index.tsx;Dialog;web-landings
src/components/CouponDialogs/AlreadyPremiumDialog/index.tsx;DialogBody;web-landings
src/components/CouponDialogs/LoggedInDialog/styles.ts;Button;web-landings
src/components/CouponDialogs/LoggedInDialog/styles.ts;TextInput;web-landings
src/components/CouponDialogs/NewUserDialog/component.stories.tsx;Button;web-landings
src/components/CouponDialogs/NewUserDialog/styled.ts;Button;web-landings
src/components/CouponDialogs/NewUserDialog/styled.ts;TextInput;web-landings
src/components/CouponDialogs/PhoneNumberDialog/index.tsx;DialogBody;web-landings
src/components/CouponDialogs/PhoneNumberDialog/InnerForm/styles.tsx;Button;web-landings
src/components/CouponDialogs/PhoneNumberDialog/InnerForm/styles.tsx;TextInput;web-landings
src/components/CouponDialogs/PhoneNumberDialog/styles.tsx;Dialog;web-landings
src/components/CouponDialogs/SignUpDialog/component.tsx;Form;web-landings
src/components/CouponDialogs/SignUpDialog/styled.ts;Button;web-landings
src/components/CouponDialogs/SignUpDialog/styled.ts;Dialog;web-landings
src/components/CouponDialogs/SignUpDialog/styled.ts;DialogBody;web-landings
src/components/CouponDialogs/SignUpInnerForm/styled.ts;EmailInput;web-landings
src/components/CouponDialogs/SignUpInnerForm/styled.ts;PasswordInput;web-landings
src/components/CouponDialogs/SignUpInnerForm/styled.ts;TextInput;web-landings
src/components/DirectSalesLanding/component.tsx;Button;web-landings
src/components/DirectSalesLanding/component.tsx;ButtonGroup;web-landings
src/components/DirectSalesLanding/styled.ts;Button;web-landings
src/components/DownloadOrOpenAppButton/index.tsx;Button;web-landings
src/components/EditorialCard/styled.ts;AudioIcon;web-landings
src/components/EditorialCard/styled.ts;HeartCircleIcon;web-landings
src/components/EditorialCard/styled.ts;IconTextButton;web-landings
src/components/FacebookConnect/styled.tsx;Button;web-landings
src/components/FacebookConnect/styled.tsx;ButtonProps;web-landings
src/components/FeatureLanding/Banner/styled.ts;Button;web-landings
src/components/FeatureLanding/Banner/USP/styled.ts;CheckIconCurved;web-landings
src/components/FeatureLanding/Covers/styled.ts;Button;web-landings
src/components/FeatureLanding/Daily/index.tsx;ArticleIcon;web-landings
src/components/FeatureLanding/Daily/index.tsx;AudioTransparentIcon;web-landings
src/components/FeatureLanding/Daily/index.tsx;EnvelopeMonoIcon;web-landings
src/components/FeatureLanding/Daily/index.tsx;GlobeIcon;web-landings
src/components/FeatureLanding/Daily/index.tsx;MagazineIcon;web-landings
src/components/FeatureLanding/Daily/index.tsx;RecommendIcon;web-landings
src/components/FeatureLanding/Daily/styled.ts;Button;web-landings
src/components/FeatureLanding/Daily/styled.ts;Typography;web-landings
src/components/FeatureLanding/Faq/styled.ts;Accordion;web-landings
src/components/FeatureLanding/Features/styled.ts;DeviceFrame;web-landings
src/components/FeatureLanding/Intro/styled.ts;Button;web-landings
src/components/FeatureLanding/Intro/styled.ts;ChevronRightIcon;web-landings
src/components/FeatureLanding/Intro/styled.ts;DeviceFrame;web-landings
src/components/FeatureLanding/Intro/styled.ts;Typography;web-landings
src/components/FeatureLanding/Intro/USP/styled.ts;CheckIconCurved;web-landings
src/components/FeatureLanding/PopularItems/styled.ts;Button;web-landings
src/components/FeatureLanding/TrialInfo/styled.ts;Button;web-landings
src/components/LoginDialog/index.tsx;Dialog;web-landings
src/components/LoginDialog/index.tsx;DialogBody;web-landings
src/components/LoginDialog/LoginForm/InnerForm.tsx;Form;web-landings
src/components/LoginDialog/LoginForm/PasswordField.tsx;PasswordInput;web-landings
src/components/LoginDialog/LoginForm/styles.tsx;Button;web-landings
src/components/LoginDialog/LoginForm/styles.tsx;PasswordInput;web-landings
src/components/LoginDialog/LoginForm/UserNameField.tsx;TextInput;web-landings
src/components/LoginDialog/styles.tsx;DialogFooterTransparent;web-landings
src/components/Logout/index.tsx;Button;web-landings
src/components/MagicLoginPage/MagicLoginNotSend/index.tsx;Button;web-landings
src/components/MarketingLanding/Body/SignupSection/styles.ts;Button;web-landings
src/components/NavigationComponent/index.tsx;NavigationBar;web-landings
src/components/NavigationComponent/index.tsx;NavigationLeft;web-landings
src/components/NavigationComponent/index.tsx;NavigationRight;web-landings
src/components/page-elements/Header/styled.ts;Button;web-landings
src/components/PriceCardWithoutDetails/styles.tsx;Button;web-landings
src/components/PriceCardWithoutDetails/styles.tsx;ButtonProps;web-landings
src/components/PrivacyPolicy/SettingsToggle/component.tsx;Checkbox;web-landings
src/components/PublishersOverviewLanding/Category/styled.ts;Typography;web-landings
src/components/PublishersOverviewLanding/Header/styled.ts;Typography;web-landings
src/components/PublishersOverviewLanding/NoSearchResult/index.tsx;Typography;web-landings
src/components/PublishersOverviewLanding/ProviderTile/styled.ts;Button;web-landings
src/components/PublishersOverviewLanding/ProviderTilePlaceholder/styled.ts;Typography;web-landings
src/components/PublishersOverviewLanding/Search/index.tsx;Divider;web-landings
src/components/PublishersOverviewLanding/Search/styled.ts;SearchIcon;web-landings
src/components/PurposeLanding/PurposeMessage/component.tsx;Button;web-landings
src/components/PurposeLanding/TopSection/PlayButton/index.tsx;Button;web-landings
src/components/ResetPasswordDialog/index.tsx;Dialog;web-landings
src/components/ResetPasswordDialog/index.tsx;DialogBody;web-landings
src/components/ResetPasswordDialog/ResetPasswordForm/InnerForm.tsx;Form;web-landings
src/components/ResetPasswordDialog/ResetPasswordForm/styles.tsx;Button;web-landings
src/components/ResetPasswordDialog/ResetPasswordForm/styles.tsx;PasswordInput;web-landings
src/components/ResetPasswordDialog/ResetPasswordForm/UserNameField.tsx;TextInput;web-landings
src/components/ResetPasswordSuccessDialog/index.tsx;Dialog;web-landings
src/components/ResetPasswordSuccessDialog/index.tsx;DialogBody;web-landings
src/components/SignupDialog/index.tsx;Dialog;web-landings
src/components/SignupDialog/index.tsx;DialogBody;web-landings
src/components/SignupDialog/styled.ts;DialogFooterTransparent;web-landings
src/components/SignupForm/EmailField.tsx;EmailInput;web-landings
src/components/SignupForm/FirstNameField.tsx;TextInput;web-landings
src/components/SignupForm/InnerForm.tsx;Form;web-landings
src/components/SignupForm/PasswordField.tsx;PasswordInput;web-landings
src/components/SignupForm/styled.ts;Button;web-landings
src/components/TimelineLanding/Header/component.tsx;Button;web-landings
src/components/TimelineLanding/Intro/index.tsx;Button;web-landings
src/components/TimelineSection/Banner/styles.tsx;Button;web-landings
src/components/TimelineSection/Banner/styles.tsx;ButtonProps;web-landings
src/components/TimelineSection/BottomSignup/index.tsx;Button;web-landings
src/components/TimelineSection/ItemCard/NoImageBackdrop.tsx;Backdrop;web-landings
src/components/Webview/SwitchUser/component.stories.tsx;Button;web-landings
src/components/Webview/SwitchUser/index.tsx;Button;web-landings
src/components/Webview/SwitchUser/styles.ts;Progress;web-landings
src/pages/_app.tsx;ThemeProvider;web-landings